model,split,seed,accuracy,precision_macro,recall_macro,f1_macro
Softmax,60/40,383329927,0.7132,0.5843,0.4293,0.4274
LDA,60/40,383329927,0.6794,0.4847,0.5774,0.5091
QDA,60/40,383329927,0.2392,0.3586,0.5535,0.251
Weighted Softmax,60/40,383329927,0.5905,0.4575,0.695,0.4907
Softmax,60/40,3324115916,0.7119,0.5803,0.43,0.4298
LDA,60/40,3324115916,0.6776,0.4824,0.5747,0.5067
QDA,60/40,3324115916,0.24,0.3609,0.5541,0.2566
Weighted Softmax,60/40,3324115916,0.5897,0.4568,0.6908,0.4899
Softmax,60/40,2811363264,0.7133,0.5825,0.43,0.4284
LDA,60/40,2811363264,0.6802,0.4866,0.5812,0.5114
QDA,60/40,2811363264,0.2421,0.359,0.5558,0.2569
Weighted Softmax,60/40,2811363264,0.5918,0.4569,0.6915,0.4912
Softmax,60/40,1884968544,0.7134,0.5828,0.4284,0.4271
LDA,60/40,1884968544,0.6796,0.4859,0.5776,0.5099
QDA,60/40,1884968544,0.2402,0.3582,0.5533,0.253
Weighted Softmax,60/40,1884968544,0.5922,0.4574,0.6923,0.4905
Softmax,60/40,1859786275,0.7125,0.5709,0.4267,0.424
LDA,60/40,1859786275,0.6794,0.4856,0.5767,0.5094
QDA,60/40,1859786275,0.2415,0.3632,0.5529,0.2577
Weighted Softmax,60/40,1859786275,0.5895,0.4567,0.6934,0.488
Softmax,60/40,3687649985,0.7138,0.5758,0.4276,0.4254
LDA,60/40,3687649985,0.6798,0.4833,0.5742,0.5073
QDA,60/40,3687649985,0.2427,0.3617,0.5539,0.2599
Weighted Softmax,60/40,3687649985,0.5923,0.4585,0.6932,0.4913
Softmax,60/40,369133708,0.7131,0.5755,0.4268,0.4255
LDA,60/40,369133708,0.68,0.4857,0.5746,0.5086
QDA,60/40,369133708,0.2398,0.3606,0.55,0.253
Weighted Softmax,60/40,369133708,0.5912,0.4593,0.6919,0.4913
Softmax,60/40,2995172877,0.7144,0.5817,0.43,0.4299
LDA,60/40,2995172877,0.6817,0.4856,0.5713,0.5066
QDA,60/40,2995172877,0.2406,0.3637,0.5568,0.2562
Weighted Softmax,60/40,2995172877,0.591,0.4581,0.6923,0.4898
Softmax,60/40,865305066,0.7132,0.5837,0.4314,0.4319
LDA,60/40,865305066,0.6787,0.4836,0.5761,0.5077
QDA,60/40,865305066,0.2461,0.3654,0.5567,0.2636
Weighted Softmax,60/40,865305066,0.5925,0.459,0.6911,0.4924
Softmax,60/40,404488628,0.7127,0.5826,0.4271,0.4243
LDA,60/40,404488628,0.6789,0.4839,0.5772,0.5082
QDA,60/40,404488628,0.2433,0.3584,0.5598,0.261
Weighted Softmax,60/40,404488628,0.5926,0.4592,0.6939,0.4927
Softmax,70/30,2261209995,0.7129,0.5752,0.4346,0.4372
LDA,70/30,2261209995,0.6794,0.4817,0.5754,0.5069
QDA,70/30,2261209995,0.2422,0.361,0.5563,0.257
Weighted Softmax,70/30,2261209995,0.5916,0.4587,0.692,0.4914
Softmax,70/30,4190266092,0.7135,0.5716,0.4319,0.4313
LDA,70/30,4190266092,0.6803,0.4861,0.5783,0.5107
QDA,70/30,4190266092,0.2388,0.3594,0.5521,0.2528
Weighted Softmax,70/30,4190266092,0.5922,0.4589,0.6962,0.4928
Softmax,70/30,3160032368,0.7131,0.5969,0.4352,0.4368
LDA,70/30,3160032368,0.6788,0.4852,0.5784,0.509
QDA,70/30,3160032368,0.2408,0.3587,0.5539,0.2549
Weighted Softmax,70/30,3160032368,0.5916,0.4571,0.6938,0.4888
Softmax,70/30,3269070126,0.7118,0.565,0.4316,0.4316
LDA,70/30,3269070126,0.6794,0.486,0.5759,0.5089
QDA,70/30,3269070126,0.2396,0.3602,0.5547,0.2571
Weighted Softmax,70/30,3269070126,0.5919,0.4615,0.6931,0.4945
Softmax,70/30,3081541439,0.7133,0.5749,0.4307,0.4319
LDA,70/30,3081541439,0.6807,0.4863,0.5737,0.5076
QDA,70/30,3081541439,0.2406,0.362,0.5546,0.255
Weighted Softmax,70/30,3081541439,0.5897,0.4583,0.6945,0.489
Softmax,70/30,3376120482,0.7122,0.5771,0.4319,0.4321
LDA,70/30,3376120482,0.6792,0.485,0.5755,0.5087
QDA,70/30,3376120482,0.2424,0.3601,0.5559,0.2567
Weighted Softmax,70/30,3376120482,0.591,0.4588,0.6981,0.4903
Softmax,70/30,2204291346,0.7148,0.5825,0.4356,0.4362
LDA,70/30,2204291346,0.6801,0.483,0.5758,0.5069
QDA,70/30,2204291346,0.2405,0.3606,0.5568,0.2546
Weighted Softmax,70/30,2204291346,0.5919,0.4591,0.6956,0.4918
Softmax,70/30,550243861,0.7132,0.5729,0.4328,0.4336
LDA,70/30,550243861,0.6804,0.4849,0.5773,0.5096
QDA,70/30,550243861,0.2428,0.3622,0.5553,0.2564
Weighted Softmax,70/30,550243861,0.594,0.4614,0.6979,0.4951
Softmax,70/30,3606691181,0.7131,0.5771,0.434,0.436
LDA,70/30,3606691181,0.6792,0.483,0.5756,0.5076
QDA,70/30,3606691181,0.2399,0.3605,0.5544,0.2536
Weighted Softmax,70/30,3606691181,0.5921,0.4616,0.6973,0.4948
Softmax,70/30,1934392872,0.7121,0.5655,0.4294,0.4304
LDA,70/30,1934392872,0.6785,0.483,0.5714,0.5065
QDA,70/30,1934392872,0.2424,0.3641,0.5563,0.2594
Weighted Softmax,70/30,1934392872,0.5922,0.4592,0.6922,0.4922
Softmax,80/20,2148995112,0.7137,0.5848,0.4389,0.4435
LDA,80/20,2148995112,0.6815,0.4885,0.5815,0.5129
QDA,80/20,2148995112,0.2435,0.3615,0.5586,0.2578
Weighted Softmax,80/20,2148995112,0.5938,0.4613,0.694,0.4929
Softmax,80/20,1592565386,0.713,0.5655,0.4359,0.4375
LDA,80/20,1592565386,0.678,0.4846,0.5758,0.5078
QDA,80/20,1592565386,0.2409,0.3599,0.5551,0.2549
Weighted Softmax,80/20,1592565386,0.5901,0.4577,0.6952,0.4886
Softmax,80/20,784044718,0.714,0.5773,0.4383,0.4426
LDA,80/20,784044718,0.6794,0.4826,0.574,0.5068
QDA,80/20,784044718,0.2418,0.3641,0.5542,0.2574
Weighted Softmax,80/20,784044718,0.5924,0.4608,0.6953,0.4929
Softmax,80/20,3980425317,0.7127,0.5698,0.4333,0.4358
LDA,80/20,3980425317,0.678,0.4797,0.5656,0.5028
QDA,80/20,3980425317,0.2409,0.3615,0.5515,0.2567
Weighted Softmax,80/20,3980425317,0.5931,0.4607,0.6917,0.4936
Softmax,80/20,3356806661,0.7125,0.5815,0.4378,0.4407
LDA,80/20,3356806661,0.6806,0.4863,0.5721,0.5082
QDA,80/20,3356806661,0.2419,0.3597,0.5553,0.2541
Weighted Softmax,80/20,3356806661,0.5939,0.461,0.6935,0.4938
Softmax,80/20,2765379632,0.7139,0.5765,0.4373,0.4405
LDA,80/20,2765379632,0.6815,0.4879,0.5763,0.5099
QDA,80/20,2765379632,0.2422,0.3647,0.5568,0.2604
Weighted Softmax,80/20,2765379632,0.5936,0.4619,0.6981,0.4939
Softmax,80/20,1728356533,0.7124,0.5734,0.4385,0.4418
LDA,80/20,1728356533,0.6797,0.4852,0.574,0.5083
QDA,80/20,1728356533,0.2428,0.3611,0.5567,0.2558
Weighted Softmax,80/20,1728356533,0.5907,0.4608,0.6991,0.4932
Softmax,80/20,3533734220,0.7143,0.5758,0.4375,0.4407
LDA,80/20,3533734220,0.6805,0.4846,0.5779,0.509
QDA,80/20,3533734220,0.2427,0.3647,0.5545,0.2573
Weighted Softmax,80/20,3533734220,0.5951,0.4634,0.7008,0.4955
Softmax,80/20,2342600226,0.7127,0.5754,0.4399,0.4429
LDA,80/20,2342600226,0.6784,0.4851,0.5815,0.5106
QDA,80/20,2342600226,0.2417,0.3584,0.5553,0.2554
Weighted Softmax,80/20,2342600226,0.5931,0.4589,0.6954,0.4935
Softmax,80/20,1904449481,0.7129,0.5716,0.4347,0.4374
LDA,80/20,1904449481,0.6796,0.4866,0.5777,0.5105
QDA,80/20,1904449481,0.2427,0.3607,0.5534,0.256
Weighted Softmax,80/20,1904449481,0.596,0.4618,0.6969,0.4957
