Model,MSE,RMSE,MAE,R2
OLS,0.5345 ± 0.0384,0.7306 ± 0.0256,0.5315 ± 0.0068,0.5961 ± 0.0237
MBGD,0.5344 ± 0.0382,0.7306 ± 0.0255,0.5316 ± 0.0068,0.5961 ± 0.0235
WLS,0.6220 ± 0.1587,0.7829 ± 0.0953,0.5263 ± 0.0088,0.5287 ± 0.1230
Ridge,0.7263 ± 0.0328,0.8520 ± 0.0191,0.5972 ± 0.0149,0.4504 ± 0.0295
Lasso,0.7431 ± 0.0310,0.8618 ± 0.0179,0.6056 ± 0.0147,0.4378 ± 0.0271
Elastic Net,0.7608 ± 0.0313,0.8721 ± 0.0178,0.6158 ± 0.0151,0.4244 ± 0.0265
Polynomial,0.6877 ± 0.5260,0.7943 ± 0.2383,0.5201 ± 0.0120,0.4853 ± 0.3738
RBF,0.7295 ± 0.0219,0.8540 ± 0.0128,0.6524 ± 0.0133,0.4479 ± 0.0249
Fourier,1.0607 ± 2.0013,0.8303 ± 0.6093,0.4597 ± 0.0270,0.2262 ± 1.4222
