model,imputer,missing_rate,is_clean,mse,rmse,mae,r2,mse_sens_abs,mse_sens_rel,rmse_sens_abs,rmse_sens_rel,mae_sens_abs,mae_sens_rel,r2_sens_abs,r2_sens_rel
OLS,none,0.0,True,0.5249,0.7245,0.5297,0.61,,,,,,,,
MBGD,none,0.0,True,0.5251,0.7246,0.5298,0.6099,,,,,,,,
WLS,none,0.0,True,0.532,0.7294,0.5227,0.6048,,,,,,,,
Ridge,none,0.0,True,0.731,0.855,0.5962,0.457,,,,,,,,
Lasso,none,0.0,True,0.7489,0.8654,0.6058,0.4437,,,,,,,,
Elastic Net,none,0.0,True,0.7673,0.8759,0.6159,0.43,,,,,,,,
Polynomial,none,0.0,True,0.5043,0.7101,0.5199,0.6254,,,,,,,,
RBF,none,0.0,True,0.6573,0.8107,0.6023,0.5117,,,,,,,,
Fourier,none,0.0,True,0.3878,0.6228,0.4469,0.7119,,,,,,,,
OLS,mean,0.1,False,0.6684,0.8175,0.6023,0.5035,0.1434,0.2733,0.093,0.1284,0.0726,0.1372,0.1066,0.1747
MBGD,mean,0.1,False,0.6684,0.8176,0.6024,0.5034,0.1433,0.273,0.0929,0.1283,0.0725,0.1369,0.1065,0.1746
WLS,mean,0.1,False,0.6685,0.8176,0.5995,0.5033,0.1366,0.2568,0.0883,0.1211,0.0768,0.1469,0.1015,0.1678
Ridge,mean,0.1,False,0.7968,0.8926,0.6262,0.4081,0.0658,0.09,0.0376,0.044,0.0301,0.0504,0.0489,0.1069
Lasso,mean,0.1,False,0.815,0.9028,0.6349,0.3946,0.0661,0.0883,0.0374,0.0432,0.0292,0.0482,0.0491,0.1107
Elastic Net,mean,0.1,False,0.8315,0.9119,0.6441,0.3823,0.0643,0.0838,0.036,0.041,0.0282,0.0458,0.0478,0.1111
Polynomial,mean,0.1,False,0.6541,0.8088,0.5966,0.5141,0.1498,0.2971,0.0986,0.1389,0.0767,0.1475,0.1113,0.178
RBF,mean,0.1,False,0.7727,0.879,0.6652,0.426,0.1154,0.1756,0.0683,0.0842,0.0629,0.1045,0.0857,0.1675
Fourier,mean,0.1,False,0.5104,0.7145,0.52,0.6208,0.1226,0.3162,0.0917,0.1473,0.073,0.1634,0.0911,0.128
OLS,median,0.1,False,0.6806,0.825,0.6062,0.4944,0.1557,0.2967,0.1005,0.1387,0.0766,0.1445,0.1157,0.1896
MBGD,median,0.1,False,0.6807,0.8251,0.6063,0.4943,0.1556,0.2964,0.1004,0.1386,0.0764,0.1443,0.1156,0.1896
WLS,median,0.1,False,0.6804,0.8249,0.6037,0.4945,0.1484,0.279,0.0955,0.1309,0.081,0.155,0.1103,0.1823
Ridge,median,0.1,False,0.8015,0.8953,0.6281,0.4046,0.0705,0.0964,0.0403,0.0471,0.0319,0.0535,0.0524,0.1146
Lasso,median,0.1,False,0.8181,0.9045,0.6364,0.3922,0.0693,0.0925,0.0391,0.0452,0.0306,0.0505,0.0515,0.116
Elastic Net,median,0.1,False,0.8346,0.9136,0.6456,0.38,0.0673,0.0878,0.0376,0.043,0.0297,0.0482,0.05,0.1163
Polynomial,median,0.1,False,0.6635,0.8146,0.5992,0.5071,0.1593,0.3158,0.1044,0.1471,0.0793,0.1526,0.1183,0.1892
RBF,median,0.1,False,0.8171,0.9039,0.6928,0.393,0.1598,0.2431,0.0932,0.115,0.0905,0.1502,0.1187,0.232
Fourier,median,0.1,False,0.509,0.7135,0.5189,0.6218,0.1212,0.3126,0.0907,0.1457,0.072,0.1611,0.0901,0.1265
OLS,knn,0.1,False,0.6192,0.7869,0.5777,0.54,0.0943,0.1796,0.0624,0.0861,0.0481,0.0907,0.07,0.1148
MBGD,knn,0.1,False,0.6193,0.787,0.5778,0.5399,0.0942,0.1794,0.0623,0.086,0.048,0.0905,0.07,0.1147
WLS,knn,0.1,False,0.6183,0.7863,0.5718,0.5407,0.0863,0.1622,0.0569,0.0781,0.0491,0.094,0.0641,0.106
Ridge,knn,0.1,False,0.7733,0.8793,0.6158,0.4256,0.0423,0.0578,0.0244,0.0285,0.0196,0.0329,0.0314,0.0687
Lasso,knn,0.1,False,0.7907,0.8892,0.6244,0.4126,0.0419,0.0559,0.0239,0.0276,0.0187,0.0308,0.0311,0.0701
Elastic Net,knn,0.1,False,0.8078,0.8988,0.6338,0.3999,0.0406,0.0529,0.0229,0.0261,0.0179,0.0291,0.0302,0.0701
Polynomial,knn,0.1,False,0.6029,0.7765,0.5703,0.5521,0.0986,0.1956,0.0664,0.0934,0.0504,0.0969,0.0733,0.1172
RBF,knn,0.1,False,0.7681,0.8764,0.6679,0.4294,0.1108,0.1686,0.0657,0.081,0.0656,0.109,0.0823,0.1608
Fourier,knn,0.1,False,0.4771,0.6908,0.4997,0.6455,0.0893,0.2303,0.068,0.1092,0.0528,0.1181,0.0663,0.0932
OLS,mean,0.2,False,0.7594,0.8715,0.6454,0.4358,0.2345,0.4468,0.147,0.2028,0.1157,0.2184,0.1742,0.2856
MBGD,mean,0.2,False,0.7595,0.8715,0.6454,0.4358,0.2344,0.4464,0.1469,0.2027,0.1155,0.2181,0.1741,0.2855
WLS,mean,0.2,False,0.756,0.8695,0.643,0.4384,0.224,0.4211,0.1401,0.1921,0.1203,0.2302,0.1664,0.2752
Ridge,mean,0.2,False,0.8688,0.9321,0.6565,0.3546,0.1378,0.1885,0.0771,0.0902,0.0603,0.1012,0.1024,0.224
Lasso,mean,0.2,False,0.8861,0.9413,0.6646,0.3417,0.1372,0.1832,0.0759,0.0877,0.0588,0.0971,0.1019,0.2297
Elastic Net,mean,0.2,False,0.9005,0.949,0.6725,0.331,0.1333,0.1737,0.073,0.0834,0.0566,0.092,0.099,0.2303
Polynomial,mean,0.2,False,0.7319,0.8555,0.634,0.4563,0.2277,0.4514,0.1454,0.2048,0.1141,0.2195,0.1691,0.2704
RBF,mean,0.2,False,0.8149,0.9027,0.685,0.3946,0.1577,0.2399,0.092,0.1135,0.0827,0.1372,0.1171,0.2289
Fourier,mean,0.2,False,0.5857,0.7653,0.5666,0.5649,0.1979,0.5102,0.1426,0.2289,0.1197,0.2678,0.147,0.2065
OLS,median,0.2,False,0.7698,0.8774,0.6497,0.4281,0.2449,0.4665,0.1529,0.211,0.12,0.2266,0.1819,0.2982
MBGD,median,0.2,False,0.7698,0.8774,0.6497,0.4281,0.2447,0.4661,0.1528,0.2108,0.1199,0.2263,0.1818,0.2981
WLS,median,0.2,False,0.7666,0.8755,0.6469,0.4305,0.2346,0.441,0.1462,0.2004,0.1242,0.2377,0.1743,0.2882
Ridge,median,0.2,False,0.8741,0.9349,0.6564,0.3507,0.1431,0.1957,0.0799,0.0935,0.0603,0.1011,0.1063,0.2326
Lasso,median,0.2,False,0.8899,0.9434,0.6641,0.3389,0.1411,0.1883,0.078,0.0901,0.0583,0.0962,0.1048,0.2362
Elastic Net,median,0.2,False,0.9043,0.9509,0.6722,0.3282,0.137,0.1786,0.075,0.0856,0.0563,0.0915,0.1018,0.2367
Polynomial,median,0.2,False,0.7392,0.8598,0.6363,0.4508,0.2349,0.4659,0.1497,0.2107,0.1164,0.2238,0.1745,0.2791
RBF,median,0.2,False,0.8355,0.914,0.6903,0.3793,0.1782,0.2711,0.1033,0.1275,0.088,0.1462,0.1324,0.2587
Fourier,median,0.2,False,0.5754,0.7586,0.5598,0.5725,0.1876,0.4837,0.1358,0.2181,0.1129,0.2526,0.1394,0.1958
OLS,knn,0.2,False,0.7523,0.8673,0.6392,0.4411,0.2274,0.4331,0.1428,0.1971,0.1096,0.2068,0.1689,0.2769
MBGD,knn,0.2,False,0.7523,0.8674,0.6393,0.4411,0.2272,0.4327,0.1427,0.197,0.1094,0.2065,0.1688,0.2768
WLS,knn,0.2,False,0.7507,0.8664,0.638,0.4423,0.2187,0.4112,0.1371,0.1879,0.1153,0.2205,0.1625,0.2687
Ridge,knn,0.2,False,0.8694,0.9324,0.657,0.3541,0.1384,0.1894,0.0774,0.0906,0.0608,0.102,0.1028,0.225
Lasso,knn,0.2,False,0.8878,0.9422,0.6656,0.3404,0.1389,0.1855,0.0769,0.0888,0.0599,0.0988,0.1032,0.2326
Elastic Net,knn,0.2,False,0.9019,0.9497,0.6734,0.33,0.1347,0.1755,0.0738,0.0842,0.0575,0.0934,0.1,0.2326
Polynomial,knn,0.2,False,0.7276,0.853,0.629,0.4594,0.2234,0.4429,0.1429,0.2012,0.1091,0.2099,0.1659,0.2653
RBF,knn,0.2,False,0.8604,0.9276,0.7075,0.3609,0.2031,0.309,0.1168,0.1441,0.1052,0.1746,0.1509,0.2948
Fourier,knn,0.2,False,0.5913,0.7689,0.5676,0.5607,0.2035,0.5246,0.1462,0.2348,0.1207,0.27,0.1511,0.2123
OLS,mean,0.3,False,0.8539,0.9241,0.6933,0.3657,0.329,0.6267,0.1996,0.2754,0.1637,0.309,0.2444,0.4006
MBGD,mean,0.3,False,0.8539,0.9241,0.6934,0.3656,0.3288,0.6262,0.1994,0.2752,0.1635,0.3086,0.2443,0.4005
WLS,mean,0.3,False,0.8537,0.924,0.6924,0.3658,0.3217,0.6048,0.1946,0.2668,0.1697,0.3246,0.239,0.3952
Ridge,mean,0.3,False,0.9423,0.9707,0.6883,0.3,0.2113,0.2891,0.1158,0.1354,0.0922,0.1546,0.157,0.3436
Lasso,mean,0.3,False,0.9557,0.9776,0.6944,0.29,0.2068,0.2761,0.1122,0.1297,0.0886,0.1462,0.1536,0.3463
Elastic Net,mean,0.3,False,0.9677,0.9837,0.7007,0.2811,0.2004,0.2612,0.1078,0.123,0.0848,0.1377,0.1489,0.3462
Polynomial,mean,0.3,False,0.8433,0.9183,0.6895,0.3735,0.339,0.6723,0.2082,0.2932,0.1696,0.3263,0.2518,0.4027
RBF,mean,0.3,False,0.9203,0.9593,0.731,0.3163,0.2631,0.4002,0.1486,0.1833,0.1287,0.2137,0.1954,0.3819
Fourier,mean,0.3,False,0.6869,0.8288,0.6175,0.4897,0.2991,0.7711,0.206,0.3308,0.1706,0.3817,0.2222,0.3121
OLS,median,0.3,False,0.8608,0.9278,0.6966,0.3605,0.3359,0.6399,0.2033,0.2806,0.1669,0.3152,0.2495,0.4091
MBGD,median,0.3,False,0.8609,0.9278,0.6966,0.3605,0.3358,0.6394,0.2032,0.2804,0.1668,0.3148,0.2494,0.409
WLS,median,0.3,False,0.8604,0.9276,0.6955,0.3608,0.3284,0.6174,0.1982,0.2718,0.1728,0.3307,0.244,0.4034
Ridge,median,0.3,False,0.9482,0.9738,0.69,0.2956,0.2172,0.2971,0.1188,0.1389,0.0938,0.1573,0.1614,0.3531
Lasso,median,0.3,False,0.9618,0.9807,0.696,0.2855,0.2129,0.2843,0.1153,0.1333,0.0903,0.149,0.1582,0.3565
Elastic Net,median,0.3,False,0.9736,0.9867,0.7025,0.2767,0.2064,0.269,0.1108,0.1265,0.0866,0.1405,0.1533,0.3565
Polynomial,median,0.3,False,0.8474,0.9206,0.6907,0.3705,0.3431,0.6805,0.2104,0.2963,0.1708,0.3285,0.2549,0.4076
RBF,median,0.3,False,0.9437,0.9714,0.7402,0.299,0.2864,0.4357,0.1607,0.1982,0.1378,0.2289,0.2128,0.4158
Fourier,median,0.3,False,0.6773,0.823,0.6113,0.4968,0.2895,0.7465,0.2002,0.3215,0.1644,0.3679,0.2151,0.3021
OLS,knn,0.3,False,0.8573,0.9259,0.6907,0.3631,0.3324,0.6332,0.2014,0.278,0.161,0.304,0.2469,0.4047
MBGD,knn,0.3,False,0.8573,0.9259,0.6907,0.3631,0.3322,0.6327,0.2013,0.2778,0.1609,0.3037,0.2468,0.4046
WLS,knn,0.3,False,0.8581,0.9263,0.6906,0.3625,0.3261,0.6131,0.197,0.2701,0.1679,0.3213,0.2423,0.4006
Ridge,knn,0.3,False,0.9505,0.9749,0.692,0.2939,0.2195,0.3003,0.12,0.1403,0.0958,0.1608,0.1631,0.3569
Lasso,knn,0.3,False,0.9648,0.9823,0.6983,0.2832,0.216,0.2884,0.1169,0.1351,0.0925,0.1528,0.1604,0.3616
Elastic Net,knn,0.3,False,0.9769,0.9884,0.7046,0.2743,0.2096,0.2732,0.1124,0.1284,0.0887,0.1441,0.1557,0.3621
Polynomial,knn,0.3,False,0.8514,0.9227,0.6877,0.3675,0.3471,0.6883,0.2126,0.2994,0.1678,0.3227,0.2579,0.4123
RBF,knn,0.3,False,0.9374,0.9682,0.7371,0.3036,0.2801,0.4262,0.1575,0.1942,0.1348,0.2238,0.2081,0.4066
Fourier,knn,0.3,False,0.6944,0.8333,0.6182,0.4841,0.3066,0.7906,0.2106,0.3381,0.1713,0.3833,0.2278,0.32
